/exports/home/rhughes/Lenna_Images/Lenna_org_1024.pgm, 2, 48, 0.600000, 3.370000 
/exports/home/rhughes/Lenna_Images/Lenna_org_2048.pgm, 2, 48, 0.600000, 5.220000 
/exports/home/rhughes/Lenna_Images/Lenna_org_4096.pgm, 2, 48, 0.600000, 12.540000 
/exports/home/rhughes/Lenna_Images/Lenna_org_5120.pgm, 2, 48, 0.600000, 19.940000 
/exports/home/rhughes/Lenna_Images/Lenna_org_7680.pgm, 2, 48, 0.600000, 38.040000 
/exports/home/rhughes/Lenna_Images/Lenna_org_10240.pgm, 2, 48, 0.600000, 62.660000 
/exports/home/rhughes/Lenna_Images/Lenna_org_12800.pgm, 2, 48, 0.600000, 101.990000 
/exports/home/rhughes/Lenna_Images/Lenna_org_1024.pgm, 2, 48, 0.600000, 3.520000 
/exports/home/rhughes/Lenna_Images/Lenna_org_2048.pgm, 2, 48, 0.600000, 5.270000 
/exports/home/rhughes/Lenna_Images/Lenna_org_4096.pgm, 2, 48, 0.600000, 12.160000 
/exports/home/rhughes/Lenna_Images/Lenna_org_5120.pgm, 2, 48, 0.600000, 17.260000 
/exports/home/rhughes/Lenna_Images/Lenna_org_7680.pgm, 2, 48, 0.600000, 35.230000 
/exports/home/rhughes/Lenna_Images/Lenna_org_10240.pgm, 2, 48, 0.600000, 62.650000 
/exports/home/rhughes/Lenna_Images/Lenna_org_12800.pgm, 2, 48, 0.600000, 93.550000 
/exports/home/rhughes/Lenna_Images/Lenna_org_1024.pgm, 2, 48, 0.600000, 3.580000 
/exports/home/rhughes/Lenna_Images/Lenna_org_2048.pgm, 2, 48, 0.600000, 5.120000 
/exports/home/rhughes/Lenna_Images/Lenna_org_4096.pgm, 2, 48, 0.600000, 12.420000 
/exports/home/rhughes/Lenna_Images/Lenna_org_5120.pgm, 2, 48, 0.600000, 17.260000 
/exports/home/rhughes/Lenna_Images/Lenna_org_7680.pgm, 2, 48, 0.600000, 35.350000 
/exports/home/rhughes/Lenna_Images/Lenna_org_10240.pgm, 2, 48, 0.600000, 62.410000 
/exports/home/rhughes/Lenna_Images/Lenna_org_12800.pgm, 2, 48, 0.600000, 99.170000 
/exports/home/rhughes/Lenna_Images/Lenna_org_1024.pgm, 2, 48, 0.600000, 3.530000 
/exports/home/rhughes/Lenna_Images/Lenna_org_2048.pgm, 2, 48, 0.600000, 5.230000 
/exports/home/rhughes/Lenna_Images/Lenna_org_4096.pgm, 2, 48, 0.600000, 12.280000 
/exports/home/rhughes/Lenna_Images/Lenna_org_5120.pgm, 2, 48, 0.600000, 17.300000 
/exports/home/rhughes/Lenna_Images/Lenna_org_7680.pgm, 2, 48, 0.600000, 34.940000 
/exports/home/rhughes/Lenna_Images/Lenna_org_10240.pgm, 2, 48, 0.600000, 63.260000 
/exports/home/rhughes/Lenna_Images/Lenna_org_12800.pgm, 2, 48, 0.600000, 93.730000 
/exports/home/rhughes/Lenna_Images/Lenna_org_1024.pgm, 2, 48, 0.600000, 3.510000 
/exports/home/rhughes/Lenna_Images/Lenna_org_2048.pgm, 2, 48, 0.600000, 5.150000 
/exports/home/rhughes/Lenna_Images/Lenna_org_4096.pgm, 2, 48, 0.600000, 12.390000 
/exports/home/rhughes/Lenna_Images/Lenna_org_5120.pgm, 2, 48, 0.600000, 17.480000 
/exports/home/rhughes/Lenna_Images/Lenna_org_7680.pgm, 2, 48, 0.600000, 35.530000 
/exports/home/rhughes/Lenna_Images/Lenna_org_10240.pgm, 2, 48, 0.600000, 62.460000 
/exports/home/rhughes/Lenna_Images/Lenna_org_12800.pgm, 2, 48, 0.600000, 93.590000 
/exports/home/rhughes/Lenna_Images/Lenna_org_1024.pgm, 2, 48, 0.600000, 3.540000 
/exports/home/rhughes/Lenna_Images/Lenna_org_2048.pgm, 2, 48, 0.600000, 5.260000 
/exports/home/rhughes/Lenna_Images/Lenna_org_4096.pgm, 2, 48, 0.600000, 12.150000 
/exports/home/rhughes/Lenna_Images/Lenna_org_5120.pgm, 2, 48, 0.600000, 17.100000 
/exports/home/rhughes/Lenna_Images/Lenna_org_7680.pgm, 2, 48, 0.600000, 35.910000 
/exports/home/rhughes/Lenna_Images/Lenna_org_10240.pgm, 2, 48, 0.600000, 63.680000 
/exports/home/rhughes/Lenna_Images/Lenna_org_12800.pgm, 2, 48, 0.600000, 95.690000 
/exports/home/rhughes/Lenna_Images/Lenna_org_1024.pgm, 2, 48, 0.600000, 3.670000 
/exports/home/rhughes/Lenna_Images/Lenna_org_2048.pgm, 2, 48, 0.600000, 5.190000 
/exports/home/rhughes/Lenna_Images/Lenna_org_4096.pgm, 2, 48, 0.600000, 12.030000 
/exports/home/rhughes/Lenna_Images/Lenna_org_5120.pgm, 2, 48, 0.600000, 17.400000 
/exports/home/rhughes/Lenna_Images/Lenna_org_7680.pgm, 2, 48, 0.600000, 35.850000 
/exports/home/rhughes/Lenna_Images/Lenna_org_10240.pgm, 2, 48, 0.600000, 65.380000 
/exports/home/rhughes/Lenna_Images/Lenna_org_12800.pgm, 2, 48, 0.600000, 93.610000 
/exports/home/rhughes/Lenna_Images/Lenna_org_1024.pgm, 2, 48, 0.600000, 3.470000 
/exports/home/rhughes/Lenna_Images/Lenna_org_2048.pgm, 2, 48, 0.600000, 5.250000 
/exports/home/rhughes/Lenna_Images/Lenna_org_4096.pgm, 2, 48, 0.600000, 12.180000 
/exports/home/rhughes/Lenna_Images/Lenna_org_5120.pgm, 2, 48, 0.600000, 17.330000 
/exports/home/rhughes/Lenna_Images/Lenna_org_7680.pgm, 2, 48, 0.600000, 35.600000 
/exports/home/rhughes/Lenna_Images/Lenna_org_10240.pgm, 2, 48, 0.600000, 63.480000 
/exports/home/rhughes/Lenna_Images/Lenna_org_12800.pgm, 2, 48, 0.600000, 94.390000 
/exports/home/rhughes/Lenna_Images/Lenna_org_1024.pgm, 2, 48, 0.600000, 3.470000 
/exports/home/rhughes/Lenna_Images/Lenna_org_2048.pgm, 2, 48, 0.600000, 5.170000 
/exports/home/rhughes/Lenna_Images/Lenna_org_4096.pgm, 2, 48, 0.600000, 12.830000 
/exports/home/rhughes/Lenna_Images/Lenna_org_5120.pgm, 2, 48, 0.600000, 17.660000 
/exports/home/rhughes/Lenna_Images/Lenna_org_7680.pgm, 2, 48, 0.600000, 35.730000 
/exports/home/rhughes/Lenna_Images/Lenna_org_10240.pgm, 2, 48, 0.600000, 65.470000 
/exports/home/rhughes/Lenna_Images/Lenna_org_12800.pgm, 2, 48, 0.600000, 94.250000 
/exports/home/rhughes/Lenna_Images/Lenna_org_1024.pgm, 2, 48, 0.600000, 3.650000 
/exports/home/rhughes/Lenna_Images/Lenna_org_2048.pgm, 2, 48, 0.600000, 5.430000 
/exports/home/rhughes/Lenna_Images/Lenna_org_4096.pgm, 2, 48, 0.600000, 12.780000 
/exports/home/rhughes/Lenna_Images/Lenna_org_5120.pgm, 2, 48, 0.600000, 17.910000 
/exports/home/rhughes/Lenna_Images/Lenna_org_7680.pgm, 2, 48, 0.600000, 35.430000 
/exports/home/rhughes/Lenna_Images/Lenna_org_10240.pgm, 2, 48, 0.600000, 61.310000 
/exports/home/rhughes/Lenna_Images/Lenna_org_12800.pgm, 2, 48, 0.600000, 93.680000 
/exports/home/rhughes/Lenna_Images/Lenna_org_1024.pgm, 2, 48, 0.600000, 3.590000 
/exports/home/rhughes/Lenna_Images/Lenna_org_2048.pgm, 2, 48, 0.600000, 5.450000 
/exports/home/rhughes/Lenna_Images/Lenna_org_4096.pgm, 2, 48, 0.600000, 13.150000 
/exports/home/rhughes/Lenna_Images/Lenna_org_5120.pgm, 2, 48, 0.600000, 17.230000 
/exports/home/rhughes/Lenna_Images/Lenna_org_7680.pgm, 2, 48, 0.600000, 34.910000 
/exports/home/rhughes/Lenna_Images/Lenna_org_10240.pgm, 2, 48, 0.600000, 61.260000 
/exports/home/rhughes/Lenna_Images/Lenna_org_12800.pgm, 2, 48, 0.600000, 93.590000 
/exports/home/rhughes/Lenna_Images/Lenna_org_1024.pgm, 2, 48, 0.600000, 3.610000 
/exports/home/rhughes/Lenna_Images/Lenna_org_2048.pgm, 2, 48, 0.600000, 5.300000 
/exports/home/rhughes/Lenna_Images/Lenna_org_4096.pgm, 2, 48, 0.600000, 12.510000 
/exports/home/rhughes/Lenna_Images/Lenna_org_5120.pgm, 2, 48, 0.600000, 17.440000 
/exports/home/rhughes/Lenna_Images/Lenna_org_7680.pgm, 2, 48, 0.600000, 35.640000 
/exports/home/rhughes/Lenna_Images/Lenna_org_10240.pgm, 2, 48, 0.600000, 62.210000 
/exports/home/rhughes/Lenna_Images/Lenna_org_12800.pgm, 2, 48, 0.600000, 94.730000 
/exports/home/rhughes/Lenna_Images/Lenna_org_1024.pgm, 2, 48, 0.600000, 3.580000 
/exports/home/rhughes/Lenna_Images/Lenna_org_2048.pgm, 2, 48, 0.600000, 5.260000 
/exports/home/rhughes/Lenna_Images/Lenna_org_4096.pgm, 2, 48, 0.600000, 12.440000 
/exports/home/rhughes/Lenna_Images/Lenna_org_5120.pgm, 2, 48, 0.600000, 17.460000 
/exports/home/rhughes/Lenna_Images/Lenna_org_7680.pgm, 2, 48, 0.600000, 35.760000 
/exports/home/rhughes/Lenna_Images/Lenna_org_10240.pgm, 2, 48, 0.600000, 61.580000 
/exports/home/rhughes/Lenna_Images/Lenna_org_12800.pgm, 2, 48, 0.600000, 94.460000 
/exports/home/rhughes/Lenna_Images/Lenna_org_1024.pgm, 2, 48, 0.600000, 3.600000 
/exports/home/rhughes/Lenna_Images/Lenna_org_2048.pgm, 2, 48, 0.600000, 5.270000 
/exports/home/rhughes/Lenna_Images/Lenna_org_4096.pgm, 2, 48, 0.600000, 12.370000 
/exports/home/rhughes/Lenna_Images/Lenna_org_5120.pgm, 2, 48, 0.600000, 17.380000 
/exports/home/rhughes/Lenna_Images/Lenna_org_7680.pgm, 2, 48, 0.600000, 35.800000 
/exports/home/rhughes/Lenna_Images/Lenna_org_10240.pgm, 2, 48, 0.600000, 62.250000 
/exports/home/rhughes/Lenna_Images/Lenna_org_12800.pgm, 2, 48, 0.600000, 95.660000 
/exports/home/rhughes/Lenna_Images/Lenna_org_1024.pgm, 2, 48, 0.600000, 3.630000 
/exports/home/rhughes/Lenna_Images/Lenna_org_2048.pgm, 2, 48, 0.600000, 5.330000 
/exports/home/rhughes/Lenna_Images/Lenna_org_4096.pgm, 2, 48, 0.600000, 12.580000 
/exports/home/rhughes/Lenna_Images/Lenna_org_5120.pgm, 2, 48, 0.600000, 17.450000 
/exports/home/rhughes/Lenna_Images/Lenna_org_7680.pgm, 2, 48, 0.600000, 37.610000 
/exports/home/rhughes/Lenna_Images/Lenna_org_10240.pgm, 2, 48, 0.600000, 59.570000 
/exports/home/rhughes/Lenna_Images/Lenna_org_12800.pgm, 2, 48, 0.600000, 95.720000 
/exports/home/rhughes/Lenna_Images/Lenna_org_1024.pgm, 2, 48, 0.600000, 3.700000 
/exports/home/rhughes/Lenna_Images/Lenna_org_2048.pgm, 2, 48, 0.600000, 5.210000 
/exports/home/rhughes/Lenna_Images/Lenna_org_4096.pgm, 2, 48, 0.600000, 12.830000 
/exports/home/rhughes/Lenna_Images/Lenna_org_5120.pgm, 2, 48, 0.600000, 17.560000 
/exports/home/rhughes/Lenna_Images/Lenna_org_7680.pgm, 2, 48, 0.600000, 36.310000 
/exports/home/rhughes/Lenna_Images/Lenna_org_10240.pgm, 2, 48, 0.600000, 60.940000 
/exports/home/rhughes/Lenna_Images/Lenna_org_12800.pgm, 2, 48, 0.600000, 92.570000 
/exports/home/rhughes/Lenna_Images/Lenna_org_1024.pgm, 2, 48, 0.600000, 3.610000 
/exports/home/rhughes/Lenna_Images/Lenna_org_2048.pgm, 2, 48, 0.600000, 5.260000 
/exports/home/rhughes/Lenna_Images/Lenna_org_4096.pgm, 2, 48, 0.600000, 12.580000 
/exports/home/rhughes/Lenna_Images/Lenna_org_5120.pgm, 2, 48, 0.600000, 17.160000 
/exports/home/rhughes/Lenna_Images/Lenna_org_7680.pgm, 2, 48, 0.600000, 35.810000 
/exports/home/rhughes/Lenna_Images/Lenna_org_10240.pgm, 2, 48, 0.600000, 60.950000 
/exports/home/rhughes/Lenna_Images/Lenna_org_12800.pgm, 2, 48, 0.600000, 95.170000 
/exports/home/rhughes/Lenna_Images/Lenna_org_1024.pgm, 2, 48, 0.600000, 3.640000 
/exports/home/rhughes/Lenna_Images/Lenna_org_2048.pgm, 2, 48, 0.600000, 5.210000 
/exports/home/rhughes/Lenna_Images/Lenna_org_4096.pgm, 2, 48, 0.600000, 12.460000 
/exports/home/rhughes/Lenna_Images/Lenna_org_5120.pgm, 2, 48, 0.600000, 17.330000 
/exports/home/rhughes/Lenna_Images/Lenna_org_7680.pgm, 2, 48, 0.600000, 36.450000 
/exports/home/rhughes/Lenna_Images/Lenna_org_10240.pgm, 2, 48, 0.600000, 61.410000 
/exports/home/rhughes/Lenna_Images/Lenna_org_12800.pgm, 2, 48, 0.600000, 97.030000 
/exports/home/rhughes/Lenna_Images/Lenna_org_1024.pgm, 2, 48, 0.600000, 3.520000 
/exports/home/rhughes/Lenna_Images/Lenna_org_2048.pgm, 2, 48, 0.600000, 5.350000 
/exports/home/rhughes/Lenna_Images/Lenna_org_4096.pgm, 2, 48, 0.600000, 12.270000 
/exports/home/rhughes/Lenna_Images/Lenna_org_5120.pgm, 2, 48, 0.600000, 19.660000 
/exports/home/rhughes/Lenna_Images/Lenna_org_7680.pgm, 2, 48, 0.600000, 34.480000 
/exports/home/rhughes/Lenna_Images/Lenna_org_10240.pgm, 2, 48, 0.600000, 63.590000 
/exports/home/rhughes/Lenna_Images/Lenna_org_12800.pgm, 2, 48, 0.600000, 96.180000 
/exports/home/rhughes/Lenna_Images/Lenna_org_1024.pgm, 2, 48, 0.600000, 3.300000 
/exports/home/rhughes/Lenna_Images/Lenna_org_2048.pgm, 2, 48, 0.600000, 5.090000 
/exports/home/rhughes/Lenna_Images/Lenna_org_4096.pgm, 2, 48, 0.600000, 11.890000 
/exports/home/rhughes/Lenna_Images/Lenna_org_5120.pgm, 2, 48, 0.600000, 17.460000 
/exports/home/rhughes/Lenna_Images/Lenna_org_7680.pgm, 2, 48, 0.600000, 39.120000 
/exports/home/rhughes/Lenna_Images/Lenna_org_10240.pgm, 2, 48, 0.600000, 64.390000 
/exports/home/rhughes/Lenna_Images/Lenna_org_12800.pgm, 2, 48, 0.600000, 94.850000 
/exports/home/rhughes/Lenna_Images/Lenna_org_1024.pgm, 2, 48, 0.600000, 3.630000 
/exports/home/rhughes/Lenna_Images/Lenna_org_2048.pgm, 2, 48, 0.600000, 5.090000 
/exports/home/rhughes/Lenna_Images/Lenna_org_4096.pgm, 2, 48, 0.600000, 12.110000 
/exports/home/rhughes/Lenna_Images/Lenna_org_5120.pgm, 2, 48, 0.600000, 17.480000 
/exports/home/rhughes/Lenna_Images/Lenna_org_7680.pgm, 2, 48, 0.600000, 36.500000 
/exports/home/rhughes/Lenna_Images/Lenna_org_10240.pgm, 2, 48, 0.600000, 66.210000 
/exports/home/rhughes/Lenna_Images/Lenna_org_12800.pgm, 2, 48, 0.600000, 93.510000 
/exports/home/rhughes/Lenna_Images/Lenna_org_1024.pgm, 2, 48, 0.600000, 3.630000 
/exports/home/rhughes/Lenna_Images/Lenna_org_2048.pgm, 2, 48, 0.600000, 5.220000 
/exports/home/rhughes/Lenna_Images/Lenna_org_4096.pgm, 2, 48, 0.600000, 12.230000 
/exports/home/rhughes/Lenna_Images/Lenna_org_5120.pgm, 2, 48, 0.600000, 19.250000 
/exports/home/rhughes/Lenna_Images/Lenna_org_7680.pgm, 2, 48, 0.600000, 38.210000 
/exports/home/rhughes/Lenna_Images/Lenna_org_10240.pgm, 2, 48, 0.600000, 64.800000 
/exports/home/rhughes/Lenna_Images/Lenna_org_12800.pgm, 2, 48, 0.600000, 93.680000 
/exports/home/rhughes/Lenna_Images/Lenna_org_1024.pgm, 2, 48, 0.600000, 3.510000 
/exports/home/rhughes/Lenna_Images/Lenna_org_2048.pgm, 2, 48, 0.600000, 5.090000 
/exports/home/rhughes/Lenna_Images/Lenna_org_4096.pgm, 2, 48, 0.600000, 12.400000 
/exports/home/rhughes/Lenna_Images/Lenna_org_5120.pgm, 2, 48, 0.600000, 17.150000 
/exports/home/rhughes/Lenna_Images/Lenna_org_7680.pgm, 2, 48, 0.600000, 38.270000 
/exports/home/rhughes/Lenna_Images/Lenna_org_10240.pgm, 2, 48, 0.600000, 64.950000 
/exports/home/rhughes/Lenna_Images/Lenna_org_12800.pgm, 2, 48, 0.600000, 95.060000 
/exports/home/rhughes/Lenna_Images/Lenna_org_1024.pgm, 2, 48, 0.600000, 3.610000 
/exports/home/rhughes/Lenna_Images/Lenna_org_2048.pgm, 2, 48, 0.600000, 5.310000 
/exports/home/rhughes/Lenna_Images/Lenna_org_4096.pgm, 2, 48, 0.600000, 12.300000 
/exports/home/rhughes/Lenna_Images/Lenna_org_5120.pgm, 2, 48, 0.600000, 17.320000 
/exports/home/rhughes/Lenna_Images/Lenna_org_7680.pgm, 2, 48, 0.600000, 37.090000 
/exports/home/rhughes/Lenna_Images/Lenna_org_10240.pgm, 2, 48, 0.600000, 62.160000 
/exports/home/rhughes/Lenna_Images/Lenna_org_12800.pgm, 2, 48, 0.600000, 96.890000 
/exports/home/rhughes/Lenna_Images/Lenna_org_1024.pgm, 2, 48, 0.600000, 3.520000 
/exports/home/rhughes/Lenna_Images/Lenna_org_2048.pgm, 2, 48, 0.600000, 5.350000 
/exports/home/rhughes/Lenna_Images/Lenna_org_4096.pgm, 2, 48, 0.600000, 12.100000 
/exports/home/rhughes/Lenna_Images/Lenna_org_5120.pgm, 2, 48, 0.600000, 17.910000 
/exports/home/rhughes/Lenna_Images/Lenna_org_7680.pgm, 2, 48, 0.600000, 38.630000 
/exports/home/rhughes/Lenna_Images/Lenna_org_10240.pgm, 2, 48, 0.600000, 64.110000 
/exports/home/rhughes/Lenna_Images/Lenna_org_12800.pgm, 2, 48, 0.600000, 101.260000 
/exports/home/rhughes/Lenna_Images/Lenna_org_1024.pgm, 2, 48, 0.600000, 3.500000 
/exports/home/rhughes/Lenna_Images/Lenna_org_2048.pgm, 2, 48, 0.600000, 5.260000 
/exports/home/rhughes/Lenna_Images/Lenna_org_4096.pgm, 2, 48, 0.600000, 12.010000 
/exports/home/rhughes/Lenna_Images/Lenna_org_5120.pgm, 2, 48, 0.600000, 17.250000 
/exports/home/rhughes/Lenna_Images/Lenna_org_7680.pgm, 2, 48, 0.600000, 35.780000 
/exports/home/rhughes/Lenna_Images/Lenna_org_10240.pgm, 2, 48, 0.600000, 62.570000 
/exports/home/rhughes/Lenna_Images/Lenna_org_12800.pgm, 2, 48, 0.600000, 95.760000 
/exports/home/rhughes/Lenna_Images/Lenna_org_1024.pgm, 2, 48, 0.600000, 3.600000 
/exports/home/rhughes/Lenna_Images/Lenna_org_2048.pgm, 2, 48, 0.600000, 5.030000 
/exports/home/rhughes/Lenna_Images/Lenna_org_4096.pgm, 2, 48, 0.600000, 12.570000 
/exports/home/rhughes/Lenna_Images/Lenna_org_5120.pgm, 2, 48, 0.600000, 17.390000 
/exports/home/rhughes/Lenna_Images/Lenna_org_7680.pgm, 2, 48, 0.600000, 37.740000 
/exports/home/rhughes/Lenna_Images/Lenna_org_10240.pgm, 2, 48, 0.600000, 61.530000 
/exports/home/rhughes/Lenna_Images/Lenna_org_12800.pgm, 2, 48, 0.600000, 95.330000 
/exports/home/rhughes/Lenna_Images/Lenna_org_1024.pgm, 2, 48, 0.600000, 3.560000 
/exports/home/rhughes/Lenna_Images/Lenna_org_2048.pgm, 2, 48, 0.600000, 5.290000 
/exports/home/rhughes/Lenna_Images/Lenna_org_4096.pgm, 2, 48, 0.600000, 12.420000 
/exports/home/rhughes/Lenna_Images/Lenna_org_5120.pgm, 2, 48, 0.600000, 17.990000 
/exports/home/rhughes/Lenna_Images/Lenna_org_7680.pgm, 2, 48, 0.600000, 37.390000 
/exports/home/rhughes/Lenna_Images/Lenna_org_10240.pgm, 2, 48, 0.600000, 62.230000 
/exports/home/rhughes/Lenna_Images/Lenna_org_12800.pgm, 2, 48, 0.600000, 96.920000 
/exports/home/rhughes/Lenna_Images/Lenna_org_1024.pgm, 2, 48, 0.600000, 3.450000 
/exports/home/rhughes/Lenna_Images/Lenna_org_2048.pgm, 2, 48, 0.600000, 5.310000 
/exports/home/rhughes/Lenna_Images/Lenna_org_4096.pgm, 2, 48, 0.600000, 12.580000 
/exports/home/rhughes/Lenna_Images/Lenna_org_5120.pgm, 2, 48, 0.600000, 18.130000 
/exports/home/rhughes/Lenna_Images/Lenna_org_7680.pgm, 2, 48, 0.600000, 37.300000 
/exports/home/rhughes/Lenna_Images/Lenna_org_10240.pgm, 2, 48, 0.600000, 66.560000 
/exports/home/rhughes/Lenna_Images/Lenna_org_12800.pgm, 2, 48, 0.600000, 97.030000 
/exports/home/rhughes/Lenna_Images/Lenna_org_1024.pgm, 2, 48, 0.600000, 3.610000 
/exports/home/rhughes/Lenna_Images/Lenna_org_2048.pgm, 2, 48, 0.600000, 5.250000 
/exports/home/rhughes/Lenna_Images/Lenna_org_4096.pgm, 2, 48, 0.600000, 13.200000 
/exports/home/rhughes/Lenna_Images/Lenna_org_5120.pgm, 2, 48, 0.600000, 18.650000 
/exports/home/rhughes/Lenna_Images/Lenna_org_7680.pgm, 2, 48, 0.600000, 40.720000 
/exports/home/rhughes/Lenna_Images/Lenna_org_10240.pgm, 2, 48, 0.600000, 64.210000 
/exports/home/rhughes/Lenna_Images/Lenna_org_12800.pgm, 2, 48, 0.600000, 96.360000 
/exports/home/rhughes/Lenna_Images/Lenna_org_1024.pgm, 2, 48, 0.600000, 3.580000 
/exports/home/rhughes/Lenna_Images/Lenna_org_2048.pgm, 2, 48, 0.600000, 4.720000 
/exports/home/rhughes/Lenna_Images/Lenna_org_4096.pgm, 2, 48, 0.600000, 12.110000 
/exports/home/rhughes/Lenna_Images/Lenna_org_5120.pgm, 2, 48, 0.600000, 17.150000 
/exports/home/rhughes/Lenna_Images/Lenna_org_7680.pgm, 2, 48, 0.600000, 35.210000 
/exports/home/rhughes/Lenna_Images/Lenna_org_10240.pgm, 2, 48, 0.600000, 60.560000 
/exports/home/rhughes/Lenna_Images/Lenna_org_12800.pgm, 2, 48, 0.600000, 92.360000 
/exports/home/rhughes/Lenna_Images/Lenna_org_1024.pgm, 2, 48, 0.600000, 3.620000 
/exports/home/rhughes/Lenna_Images/Lenna_org_2048.pgm, 2, 48, 0.600000, 5.480000 
/exports/home/rhughes/Lenna_Images/Lenna_org_4096.pgm, 2, 48, 0.600000, 12.420000 
/exports/home/rhughes/Lenna_Images/Lenna_org_5120.pgm, 2, 48, 0.600000, 18.380000 
/exports/home/rhughes/Lenna_Images/Lenna_org_7680.pgm, 2, 48, 0.600000, 36.380000 
/exports/home/rhughes/Lenna_Images/Lenna_org_10240.pgm, 2, 48, 0.600000, 60.610000 
/exports/home/rhughes/Lenna_Images/Lenna_org_12800.pgm, 2, 48, 0.600000, 95.160000 
/exports/home/rhughes/Lenna_Images/Lenna_org_1024.pgm, 2, 48, 0.600000, 3.550000 
/exports/home/rhughes/Lenna_Images/Lenna_org_2048.pgm, 2, 48, 0.600000, 5.120000 
/exports/home/rhughes/Lenna_Images/Lenna_org_4096.pgm, 2, 48, 0.600000, 11.960000 
/exports/home/rhughes/Lenna_Images/Lenna_org_5120.pgm, 2, 48, 0.600000, 17.080000 
/exports/home/rhughes/Lenna_Images/Lenna_org_7680.pgm, 2, 48, 0.600000, 36.530000 
/exports/home/rhughes/Lenna_Images/Lenna_org_10240.pgm, 2, 48, 0.600000, 61.090000 
/exports/home/rhughes/Lenna_Images/Lenna_org_12800.pgm, 2, 48, 0.600000, 96.510000 
/exports/home/rhughes/Lenna_Images/Lenna_org_1024.pgm, 2, 48, 0.600000, 3.480000 
/exports/home/rhughes/Lenna_Images/Lenna_org_2048.pgm, 2, 48, 0.600000, 5.270000 
/exports/home/rhughes/Lenna_Images/Lenna_org_4096.pgm, 2, 48, 0.600000, 12.490000 
/exports/home/rhughes/Lenna_Images/Lenna_org_5120.pgm, 2, 48, 0.600000, 18.070000 
/exports/home/rhughes/Lenna_Images/Lenna_org_7680.pgm, 2, 48, 0.600000, 36.450000 
/exports/home/rhughes/Lenna_Images/Lenna_org_10240.pgm, 2, 48, 0.600000, 60.600000 
/exports/home/rhughes/Lenna_Images/Lenna_org_12800.pgm, 2, 48, 0.600000, 98.800000 
/exports/home/rhughes/Lenna_Images/Lenna_org_1024.pgm, 2, 48, 0.600000, 3.610000 
/exports/home/rhughes/Lenna_Images/Lenna_org_2048.pgm, 2, 48, 0.600000, 5.370000 
/exports/home/rhughes/Lenna_Images/Lenna_org_4096.pgm, 2, 48, 0.600000, 12.480000 
/exports/home/rhughes/Lenna_Images/Lenna_org_5120.pgm, 2, 48, 0.600000, 18.380000 
/exports/home/rhughes/Lenna_Images/Lenna_org_7680.pgm, 2, 48, 0.600000, 37.510000 
/exports/home/rhughes/Lenna_Images/Lenna_org_10240.pgm, 2, 48, 0.600000, 62.560000 
/exports/home/rhughes/Lenna_Images/Lenna_org_12800.pgm, 2, 48, 0.600000, 100.610000 
/exports/home/rhughes/Lenna_Images/Lenna_org_1024.pgm, 2, 48, 0.600000, 3.660000 
/exports/home/rhughes/Lenna_Images/Lenna_org_2048.pgm, 2, 48, 0.600000, 5.350000 
/exports/home/rhughes/Lenna_Images/Lenna_org_4096.pgm, 2, 48, 0.600000, 12.190000 
/exports/home/rhughes/Lenna_Images/Lenna_org_5120.pgm, 2, 48, 0.600000, 17.320000 
/exports/home/rhughes/Lenna_Images/Lenna_org_7680.pgm, 2, 48, 0.600000, 36.850000 
/exports/home/rhughes/Lenna_Images/Lenna_org_10240.pgm, 2, 48, 0.600000, 62.670000 
/exports/home/rhughes/Lenna_Images/Lenna_org_12800.pgm, 2, 48, 0.600000, 93.990000 
/exports/home/rhughes/Lenna_Images/Lenna_org_1024.pgm, 2, 48, 0.600000, 3.220000 
/exports/home/rhughes/Lenna_Images/Lenna_org_2048.pgm, 2, 48, 0.600000, 4.720000 
/exports/home/rhughes/Lenna_Images/Lenna_org_4096.pgm, 2, 48, 0.600000, 11.860000 
/exports/home/rhughes/Lenna_Images/Lenna_org_5120.pgm, 2, 48, 0.600000, 18.650000 
/exports/home/rhughes/Lenna_Images/Lenna_org_7680.pgm, 2, 48, 0.600000, 35.340000 
/exports/home/rhughes/Lenna_Images/Lenna_org_10240.pgm, 2, 48, 0.600000, 60.700000 
/exports/home/rhughes/Lenna_Images/Lenna_org_12800.pgm, 2, 48, 0.600000, 95.270000 
/exports/home/rhughes/Lenna_Images/Lenna_org_1024.pgm, 2, 48, 0.600000, 3.640000 
/exports/home/rhughes/Lenna_Images/Lenna_org_2048.pgm, 2, 48, 0.600000, 5.370000 
/exports/home/rhughes/Lenna_Images/Lenna_org_4096.pgm, 2, 48, 0.600000, 12.290000 
/exports/home/rhughes/Lenna_Images/Lenna_org_5120.pgm, 2, 48, 0.600000, 17.190000 
/exports/home/rhughes/Lenna_Images/Lenna_org_7680.pgm, 2, 48, 0.600000, 36.430000 
/exports/home/rhughes/Lenna_Images/Lenna_org_10240.pgm, 2, 48, 0.600000, 61.330000 
/exports/home/rhughes/Lenna_Images/Lenna_org_12800.pgm, 2, 48, 0.600000, 95.880000 
/exports/home/rhughes/Lenna_Images/Lenna_org_1024.pgm, 2, 48, 0.600000, 3.550000 
/exports/home/rhughes/Lenna_Images/Lenna_org_2048.pgm, 2, 48, 0.600000, 5.280000 
/exports/home/rhughes/Lenna_Images/Lenna_org_4096.pgm, 2, 48, 0.600000, 12.430000 
/exports/home/rhughes/Lenna_Images/Lenna_org_5120.pgm, 2, 48, 0.600000, 17.530000 
/exports/home/rhughes/Lenna_Images/Lenna_org_7680.pgm, 2, 48, 0.600000, 35.920000 
/exports/home/rhughes/Lenna_Images/Lenna_org_10240.pgm, 2, 48, 0.600000, 64.290000 
/exports/home/rhughes/Lenna_Images/Lenna_org_12800.pgm, 2, 48, 0.600000, 95.190000 
/exports/home/rhughes/Lenna_Images/Lenna_org_1024.pgm, 2, 48, 0.600000, 3.670000 
/exports/home/rhughes/Lenna_Images/Lenna_org_2048.pgm, 2, 48, 0.600000, 5.300000 
/exports/home/rhughes/Lenna_Images/Lenna_org_4096.pgm, 2, 48, 0.600000, 12.370000 
/exports/home/rhughes/Lenna_Images/Lenna_org_5120.pgm, 2, 48, 0.600000, 17.350000 
/exports/home/rhughes/Lenna_Images/Lenna_org_7680.pgm, 2, 48, 0.600000, 35.550000 
/exports/home/rhughes/Lenna_Images/Lenna_org_10240.pgm, 2, 48, 0.600000, 61.520000 
/exports/home/rhughes/Lenna_Images/Lenna_org_12800.pgm, 2, 48, 0.600000, 96.300000 
/exports/home/rhughes/Lenna_Images/Lenna_org_1024.pgm, 2, 48, 0.600000, 3.730000 
/exports/home/rhughes/Lenna_Images/Lenna_org_2048.pgm, 2, 48, 0.600000, 5.300000 
/exports/home/rhughes/Lenna_Images/Lenna_org_4096.pgm, 2, 48, 0.600000, 12.360000 
/exports/home/rhughes/Lenna_Images/Lenna_org_5120.pgm, 2, 48, 0.600000, 17.410000 
/exports/home/rhughes/Lenna_Images/Lenna_org_7680.pgm, 2, 48, 0.600000, 36.270000 
/exports/home/rhughes/Lenna_Images/Lenna_org_10240.pgm, 2, 48, 0.600000, 61.190000 
/exports/home/rhughes/Lenna_Images/Lenna_org_12800.pgm, 2, 48, 0.600000, 95.310000 
/exports/home/rhughes/Lenna_Images/Lenna_org_1024.pgm, 2, 48, 0.600000, 3.410000 
/exports/home/rhughes/Lenna_Images/Lenna_org_2048.pgm, 2, 48, 0.600000, 5.300000 
/exports/home/rhughes/Lenna_Images/Lenna_org_4096.pgm, 2, 48, 0.600000, 12.280000 
/exports/home/rhughes/Lenna_Images/Lenna_org_5120.pgm, 2, 48, 0.600000, 18.390000 
/exports/home/rhughes/Lenna_Images/Lenna_org_7680.pgm, 2, 48, 0.600000, 37.990000 
/exports/home/rhughes/Lenna_Images/Lenna_org_10240.pgm, 2, 48, 0.600000, 62.680000 
/exports/home/rhughes/Lenna_Images/Lenna_org_12800.pgm, 2, 48, 0.600000, 97.130000 
/exports/home/rhughes/Lenna_Images/Lenna_org_1024.pgm, 2, 48, 0.600000, 3.530000 
/exports/home/rhughes/Lenna_Images/Lenna_org_2048.pgm, 2, 48, 0.600000, 5.150000 
/exports/home/rhughes/Lenna_Images/Lenna_org_4096.pgm, 2, 48, 0.600000, 12.000000 
/exports/home/rhughes/Lenna_Images/Lenna_org_5120.pgm, 2, 48, 0.600000, 17.060000 
/exports/home/rhughes/Lenna_Images/Lenna_org_7680.pgm, 2, 48, 0.600000, 35.340000 
/exports/home/rhughes/Lenna_Images/Lenna_org_10240.pgm, 2, 48, 0.600000, 63.890000 
/exports/home/rhughes/Lenna_Images/Lenna_org_12800.pgm, 2, 48, 0.600000, 94.430000 
/exports/home/rhughes/Lenna_Images/Lenna_org_1024.pgm, 2, 48, 0.600000, 3.430000 
/exports/home/rhughes/Lenna_Images/Lenna_org_2048.pgm, 2, 48, 0.600000, 5.310000 
/exports/home/rhughes/Lenna_Images/Lenna_org_4096.pgm, 2, 48, 0.600000, 12.160000 
/exports/home/rhughes/Lenna_Images/Lenna_org_5120.pgm, 2, 48, 0.600000, 18.160000 
/exports/home/rhughes/Lenna_Images/Lenna_org_7680.pgm, 2, 48, 0.600000, 36.980000 
/exports/home/rhughes/Lenna_Images/Lenna_org_10240.pgm, 2, 48, 0.600000, 61.510000 
/exports/home/rhughes/Lenna_Images/Lenna_org_12800.pgm, 2, 48, 0.600000, 97.830000 
/exports/home/rhughes/Lenna_Images/Lenna_org_1024.pgm, 2, 48, 0.600000, 3.470000 
/exports/home/rhughes/Lenna_Images/Lenna_org_2048.pgm, 2, 48, 0.600000, 5.170000 
/exports/home/rhughes/Lenna_Images/Lenna_org_4096.pgm, 2, 48, 0.600000, 12.070000 
/exports/home/rhughes/Lenna_Images/Lenna_org_5120.pgm, 2, 48, 0.600000, 18.570000 
/exports/home/rhughes/Lenna_Images/Lenna_org_7680.pgm, 2, 48, 0.600000, 37.110000 
/exports/home/rhughes/Lenna_Images/Lenna_org_10240.pgm, 2, 48, 0.600000, 62.240000 
/exports/home/rhughes/Lenna_Images/Lenna_org_12800.pgm, 2, 48, 0.600000, 96.410000 
/exports/home/rhughes/Lenna_Images/Lenna_org_1024.pgm, 2, 48, 0.600000, 3.490000 
/exports/home/rhughes/Lenna_Images/Lenna_org_2048.pgm, 2, 48, 0.600000, 5.110000 
/exports/home/rhughes/Lenna_Images/Lenna_org_4096.pgm, 2, 48, 0.600000, 12.590000 
/exports/home/rhughes/Lenna_Images/Lenna_org_5120.pgm, 2, 48, 0.600000, 17.590000 
/exports/home/rhughes/Lenna_Images/Lenna_org_7680.pgm, 2, 48, 0.600000, 38.090000 
/exports/home/rhughes/Lenna_Images/Lenna_org_10240.pgm, 2, 48, 0.600000, 62.690000 
/exports/home/rhughes/Lenna_Images/Lenna_org_12800.pgm, 2, 48, 0.600000, 95.190000 
/exports/home/rhughes/Lenna_Images/Lenna_org_1024.pgm, 2, 48, 0.600000, 3.360000 
/exports/home/rhughes/Lenna_Images/Lenna_org_2048.pgm, 2, 48, 0.600000, 5.110000 
/exports/home/rhughes/Lenna_Images/Lenna_org_4096.pgm, 2, 48, 0.600000, 12.490000 
/exports/home/rhughes/Lenna_Images/Lenna_org_5120.pgm, 2, 48, 0.600000, 17.800000 
/exports/home/rhughes/Lenna_Images/Lenna_org_7680.pgm, 2, 48, 0.600000, 38.150000 
/exports/home/rhughes/Lenna_Images/Lenna_org_10240.pgm, 2, 48, 0.600000, 61.190000 
/exports/home/rhughes/Lenna_Images/Lenna_org_12800.pgm, 2, 48, 0.600000, 98.180000 
/exports/home/rhughes/Lenna_Images/Lenna_org_1024.pgm, 2, 48, 0.600000, 3.380000 
/exports/home/rhughes/Lenna_Images/Lenna_org_2048.pgm, 2, 48, 0.600000, 5.180000 
/exports/home/rhughes/Lenna_Images/Lenna_org_4096.pgm, 2, 48, 0.600000, 12.740000 
/exports/home/rhughes/Lenna_Images/Lenna_org_5120.pgm, 2, 48, 0.600000, 17.970000 
/exports/home/rhughes/Lenna_Images/Lenna_org_7680.pgm, 2, 48, 0.600000, 37.240000 
/exports/home/rhughes/Lenna_Images/Lenna_org_10240.pgm, 2, 48, 0.600000, 63.850000 
/exports/home/rhughes/Lenna_Images/Lenna_org_12800.pgm, 2, 48, 0.600000, 96.760000 
/exports/home/rhughes/Lenna_Images/Lenna_org_1024.pgm, 2, 48, 0.600000, 3.450000 
/exports/home/rhughes/Lenna_Images/Lenna_org_2048.pgm, 2, 48, 0.600000, 5.140000 
/exports/home/rhughes/Lenna_Images/Lenna_org_4096.pgm, 2, 48, 0.600000, 12.180000 
/exports/home/rhughes/Lenna_Images/Lenna_org_5120.pgm, 2, 48, 0.600000, 17.400000 
/exports/home/rhughes/Lenna_Images/Lenna_org_7680.pgm, 2, 48, 0.600000, 38.920000 
/exports/home/rhughes/Lenna_Images/Lenna_org_10240.pgm, 2, 48, 0.600000, 62.070000 
/exports/home/rhughes/Lenna_Images/Lenna_org_12800.pgm, 2, 48, 0.600000, 100.250000 
/exports/home/rhughes/Lenna_Images/Lenna_org_1024.pgm, 2, 48, 0.600000, 3.490000 
/exports/home/rhughes/Lenna_Images/Lenna_org_2048.pgm, 2, 48, 0.600000, 4.760000 
/exports/home/rhughes/Lenna_Images/Lenna_org_4096.pgm, 2, 48, 0.600000, 12.160000 
/exports/home/rhughes/Lenna_Images/Lenna_org_5120.pgm, 2, 48, 0.600000, 17.530000 
/exports/home/rhughes/Lenna_Images/Lenna_org_7680.pgm, 2, 48, 0.600000, 36.160000 
/exports/home/rhughes/Lenna_Images/Lenna_org_10240.pgm, 2, 48, 0.600000, 63.410000 
/exports/home/rhughes/Lenna_Images/Lenna_org_12800.pgm, 2, 48, 0.600000, 100.040000 
/exports/home/rhughes/Lenna_Images/Lenna_org_1024.pgm, 2, 48, 0.600000, 3.500000 
/exports/home/rhughes/Lenna_Images/Lenna_org_2048.pgm, 2, 48, 0.600000, 5.190000 
/exports/home/rhughes/Lenna_Images/Lenna_org_4096.pgm, 2, 48, 0.600000, 12.200000 
/exports/home/rhughes/Lenna_Images/Lenna_org_5120.pgm, 2, 48, 0.600000, 17.630000 
/exports/home/rhughes/Lenna_Images/Lenna_org_7680.pgm, 2, 48, 0.600000, 37.650000 
/exports/home/rhughes/Lenna_Images/Lenna_org_10240.pgm, 2, 48, 0.600000, 62.310000 
/exports/home/rhughes/Lenna_Images/Lenna_org_12800.pgm, 2, 48, 0.600000, 98.440000 
/exports/home/rhughes/Lenna_Images/Lenna_org_1024.pgm, 2, 48, 0.600000, 3.490000 
/exports/home/rhughes/Lenna_Images/Lenna_org_2048.pgm, 2, 48, 0.600000, 5.240000 
/exports/home/rhughes/Lenna_Images/Lenna_org_4096.pgm, 2, 48, 0.600000, 12.190000 
/exports/home/rhughes/Lenna_Images/Lenna_org_5120.pgm, 2, 48, 0.600000, 17.860000 
/exports/home/rhughes/Lenna_Images/Lenna_org_7680.pgm, 2, 48, 0.600000, 36.010000 
/exports/home/rhughes/Lenna_Images/Lenna_org_10240.pgm, 2, 48, 0.600000, 63.800000 
/exports/home/rhughes/Lenna_Images/Lenna_org_12800.pgm, 2, 48, 0.600000, 99.660000 
/exports/home/rhughes/Lenna_Images/Lenna_org_1024.pgm, 2, 48, 0.600000, 3.340000 
/exports/home/rhughes/Lenna_Images/Lenna_org_2048.pgm, 2, 48, 0.600000, 5.080000 
/exports/home/rhughes/Lenna_Images/Lenna_org_4096.pgm, 2, 48, 0.600000, 12.440000 
/exports/home/rhughes/Lenna_Images/Lenna_org_5120.pgm, 2, 48, 0.600000, 17.790000 
/exports/home/rhughes/Lenna_Images/Lenna_org_7680.pgm, 2, 48, 0.600000, 37.800000 
/exports/home/rhughes/Lenna_Images/Lenna_org_10240.pgm, 2, 48, 0.600000, 66.530000 
/exports/home/rhughes/Lenna_Images/Lenna_org_12800.pgm, 2, 48, 0.600000, 94.420000 
/exports/home/rhughes/Lenna_Images/Lenna_org_1024.pgm, 2, 48, 0.600000, 3.520000 
/exports/home/rhughes/Lenna_Images/Lenna_org_2048.pgm, 2, 48, 0.600000, 5.240000 
/exports/home/rhughes/Lenna_Images/Lenna_org_4096.pgm, 2, 48, 0.600000, 12.040000 
/exports/home/rhughes/Lenna_Images/Lenna_org_5120.pgm, 2, 48, 0.600000, 17.400000 
/exports/home/rhughes/Lenna_Images/Lenna_org_7680.pgm, 2, 48, 0.600000, 39.140000 
/exports/home/rhughes/Lenna_Images/Lenna_org_10240.pgm, 2, 48, 0.600000, 65.610000 
/exports/home/rhughes/Lenna_Images/Lenna_org_12800.pgm, 2, 48, 0.600000, 101.490000 
/exports/home/rhughes/Lenna_Images/Lenna_org_1024.pgm, 2, 48, 0.600000, 3.510000 
/exports/home/rhughes/Lenna_Images/Lenna_org_2048.pgm, 2, 48, 0.600000, 5.260000 
/exports/home/rhughes/Lenna_Images/Lenna_org_4096.pgm, 2, 48, 0.600000, 12.150000 
/exports/home/rhughes/Lenna_Images/Lenna_org_5120.pgm, 2, 48, 0.600000, 18.050000 
/exports/home/rhughes/Lenna_Images/Lenna_org_7680.pgm, 2, 48, 0.600000, 35.770000 
/exports/home/rhughes/Lenna_Images/Lenna_org_10240.pgm, 2, 48, 0.600000, 63.570000 
/exports/home/rhughes/Lenna_Images/Lenna_org_12800.pgm, 2, 48, 0.600000, 99.230000 
/exports/home/rhughes/Lenna_Images/Lenna_org_1024.pgm, 2, 48, 0.600000, 3.490000 
/exports/home/rhughes/Lenna_Images/Lenna_org_2048.pgm, 2, 48, 0.600000, 5.250000 
/exports/home/rhughes/Lenna_Images/Lenna_org_4096.pgm, 2, 48, 0.600000, 12.880000 
/exports/home/rhughes/Lenna_Images/Lenna_org_5120.pgm, 2, 48, 0.600000, 19.130000 
/exports/home/rhughes/Lenna_Images/Lenna_org_7680.pgm, 2, 48, 0.600000, 35.890000 
/exports/home/rhughes/Lenna_Images/Lenna_org_10240.pgm, 2, 48, 0.600000, 64.340000 
/exports/home/rhughes/Lenna_Images/Lenna_org_12800.pgm, 2, 48, 0.600000, 98.510000 
/exports/home/rhughes/Lenna_Images/Lenna_org_1024.pgm, 2, 48, 0.600000, 3.740000 
/exports/home/rhughes/Lenna_Images/Lenna_org_2048.pgm, 2, 48, 0.600000, 5.540000 
/exports/home/rhughes/Lenna_Images/Lenna_org_4096.pgm, 2, 48, 0.600000, 12.700000 
/exports/home/rhughes/Lenna_Images/Lenna_org_5120.pgm, 2, 48, 0.600000, 18.290000 
/exports/home/rhughes/Lenna_Images/Lenna_org_7680.pgm, 2, 48, 0.600000, 35.170000 
/exports/home/rhughes/Lenna_Images/Lenna_org_10240.pgm, 2, 48, 0.600000, 61.440000 
/exports/home/rhughes/Lenna_Images/Lenna_org_12800.pgm, 2, 48, 0.600000, 93.900000 
/exports/home/rhughes/Lenna_Images/Lenna_org_1024.pgm, 2, 48, 0.600000, 3.460000 
/exports/home/rhughes/Lenna_Images/Lenna_org_2048.pgm, 2, 48, 0.600000, 5.240000 
/exports/home/rhughes/Lenna_Images/Lenna_org_4096.pgm, 2, 48, 0.600000, 12.090000 
/exports/home/rhughes/Lenna_Images/Lenna_org_5120.pgm, 2, 48, 0.600000, 17.740000 
/exports/home/rhughes/Lenna_Images/Lenna_org_7680.pgm, 2, 48, 0.600000, 35.170000 
/exports/home/rhughes/Lenna_Images/Lenna_org_10240.pgm, 2, 48, 0.600000, 62.450000 
/exports/home/rhughes/Lenna_Images/Lenna_org_12800.pgm, 2, 48, 0.600000, 96.980000 
/exports/home/rhughes/Lenna_Images/Lenna_org_1024.pgm, 2, 48, 0.600000, 3.530000 
/exports/home/rhughes/Lenna_Images/Lenna_org_2048.pgm, 2, 48, 0.600000, 4.800000 
/exports/home/rhughes/Lenna_Images/Lenna_org_4096.pgm, 2, 48, 0.600000, 12.220000 
/exports/home/rhughes/Lenna_Images/Lenna_org_5120.pgm, 2, 48, 0.600000, 18.450000 
/exports/home/rhughes/Lenna_Images/Lenna_org_7680.pgm, 2, 48, 0.600000, 35.460000 
/exports/home/rhughes/Lenna_Images/Lenna_org_10240.pgm, 2, 48, 0.600000, 64.290000 
/exports/home/rhughes/Lenna_Images/Lenna_org_12800.pgm, 2, 48, 0.600000, 98.770000 
/exports/home/rhughes/Lenna_Images/Lenna_org_1024.pgm, 2, 48, 0.600000, 3.300000 
/exports/home/rhughes/Lenna_Images/Lenna_org_2048.pgm, 2, 48, 0.600000, 5.010000 
/exports/home/rhughes/Lenna_Images/Lenna_org_4096.pgm, 2, 48, 0.600000, 11.710000 
/exports/home/rhughes/Lenna_Images/Lenna_org_5120.pgm, 2, 48, 0.600000, 17.740000 
/exports/home/rhughes/Lenna_Images/Lenna_org_7680.pgm, 2, 48, 0.600000, 36.320000 
/exports/home/rhughes/Lenna_Images/Lenna_org_10240.pgm, 2, 48, 0.600000, 62.170000 
/exports/home/rhughes/Lenna_Images/Lenna_org_12800.pgm, 2, 48, 0.600000, 97.650000 
/exports/home/rhughes/Lenna_Images/Lenna_org_1024.pgm, 2, 48, 0.600000, 3.380000 
/exports/home/rhughes/Lenna_Images/Lenna_org_2048.pgm, 2, 48, 0.600000, 5.110000 
/exports/home/rhughes/Lenna_Images/Lenna_org_4096.pgm, 2, 48, 0.600000, 12.450000 
/exports/home/rhughes/Lenna_Images/Lenna_org_5120.pgm, 2, 48, 0.600000, 18.150000 
/exports/home/rhughes/Lenna_Images/Lenna_org_7680.pgm, 2, 48, 0.600000, 37.250000 
/exports/home/rhughes/Lenna_Images/Lenna_org_10240.pgm, 2, 48, 0.600000, 62.270000 
/exports/home/rhughes/Lenna_Images/Lenna_org_12800.pgm, 2, 48, 0.600000, 97.600000 
/exports/home/rhughes/Lenna_Images/Lenna_org_1024.pgm, 2, 48, 0.600000, 2.960000 
/exports/home/rhughes/Lenna_Images/Lenna_org_2048.pgm, 2, 48, 0.600000, 4.620000 
/exports/home/rhughes/Lenna_Images/Lenna_org_4096.pgm, 2, 48, 0.600000, 12.020000 
/exports/home/rhughes/Lenna_Images/Lenna_org_5120.pgm, 2, 48, 0.600000, 17.900000 
/exports/home/rhughes/Lenna_Images/Lenna_org_7680.pgm, 2, 48, 0.600000, 36.860000 
/exports/home/rhughes/Lenna_Images/Lenna_org_10240.pgm, 2, 48, 0.600000, 63.210000 
/exports/home/rhughes/Lenna_Images/Lenna_org_12800.pgm, 2, 48, 0.600000, 96.400000 
/exports/home/rhughes/Lenna_Images/Lenna_org_1024.pgm, 2, 48, 0.600000, 3.210000 
/exports/home/rhughes/Lenna_Images/Lenna_org_2048.pgm, 2, 48, 0.600000, 4.900000 
/exports/home/rhughes/Lenna_Images/Lenna_org_4096.pgm, 2, 48, 0.600000, 12.460000 
/exports/home/rhughes/Lenna_Images/Lenna_org_5120.pgm, 2, 48, 0.600000, 17.340000 
/exports/home/rhughes/Lenna_Images/Lenna_org_7680.pgm, 2, 48, 0.600000, 34.750000 
/exports/home/rhughes/Lenna_Images/Lenna_org_10240.pgm, 2, 48, 0.600000, 64.110000 
/exports/home/rhughes/Lenna_Images/Lenna_org_12800.pgm, 2, 48, 0.600000, 97.710000 
/exports/home/rhughes/Lenna_Images/Lenna_org_1024.pgm, 2, 48, 0.600000, 3.330000 
/exports/home/rhughes/Lenna_Images/Lenna_org_2048.pgm, 2, 48, 0.600000, 4.960000 
/exports/home/rhughes/Lenna_Images/Lenna_org_4096.pgm, 2, 48, 0.600000, 12.360000 
/exports/home/rhughes/Lenna_Images/Lenna_org_5120.pgm, 2, 48, 0.600000, 17.510000 
/exports/home/rhughes/Lenna_Images/Lenna_org_7680.pgm, 2, 48, 0.600000, 35.650000 
/exports/home/rhughes/Lenna_Images/Lenna_org_10240.pgm, 2, 48, 0.600000, 63.640000 
/exports/home/rhughes/Lenna_Images/Lenna_org_12800.pgm, 2, 48, 0.600000, 97.030000 
/exports/home/rhughes/Lenna_Images/Lenna_org_1024.pgm, 2, 48, 0.600000, 3.230000 
/exports/home/rhughes/Lenna_Images/Lenna_org_2048.pgm, 2, 48, 0.600000, 4.890000 
/exports/home/rhughes/Lenna_Images/Lenna_org_4096.pgm, 2, 48, 0.600000, 12.010000 
/exports/home/rhughes/Lenna_Images/Lenna_org_5120.pgm, 2, 48, 0.600000, 17.330000 
/exports/home/rhughes/Lenna_Images/Lenna_org_7680.pgm, 2, 48, 0.600000, 38.310000 
/exports/home/rhughes/Lenna_Images/Lenna_org_10240.pgm, 2, 48, 0.600000, 62.510000 
/exports/home/rhughes/Lenna_Images/Lenna_org_12800.pgm, 2, 48, 0.600000, 95.320000 
/exports/home/rhughes/Lenna_Images/Lenna_org_1024.pgm, 2, 48, 0.600000, 3.130000 
/exports/home/rhughes/Lenna_Images/Lenna_org_2048.pgm, 2, 48, 0.600000, 4.730000 
/exports/home/rhughes/Lenna_Images/Lenna_org_4096.pgm, 2, 48, 0.600000, 11.700000 
/exports/home/rhughes/Lenna_Images/Lenna_org_5120.pgm, 2, 48, 0.600000, 17.030000 
/exports/home/rhughes/Lenna_Images/Lenna_org_7680.pgm, 2, 48, 0.600000, 36.270000 
/exports/home/rhughes/Lenna_Images/Lenna_org_10240.pgm, 2, 48, 0.600000, 60.820000 
/exports/home/rhughes/Lenna_Images/Lenna_org_12800.pgm, 2, 48, 0.600000, 96.330000 
/exports/home/rhughes/Lenna_Images/Lenna_org_1024.pgm, 2, 48, 0.600000, 2.950000 
/exports/home/rhughes/Lenna_Images/Lenna_org_2048.pgm, 2, 48, 0.600000, 4.590000 
/exports/home/rhughes/Lenna_Images/Lenna_org_4096.pgm, 2, 48, 0.600000, 12.540000 
/exports/home/rhughes/Lenna_Images/Lenna_org_5120.pgm, 2, 48, 0.600000, 18.430000 
/exports/home/rhughes/Lenna_Images/Lenna_org_7680.pgm, 2, 48, 0.600000, 36.340000 
/exports/home/rhughes/Lenna_Images/Lenna_org_10240.pgm, 2, 48, 0.600000, 62.660000 
/exports/home/rhughes/Lenna_Images/Lenna_org_12800.pgm, 2, 48, 0.600000, 99.110000 
/exports/home/rhughes/Lenna_Images/Lenna_org_1024.pgm, 2, 48, 0.600000, 3.330000 
/exports/home/rhughes/Lenna_Images/Lenna_org_2048.pgm, 2, 48, 0.600000, 4.990000 
/exports/home/rhughes/Lenna_Images/Lenna_org_4096.pgm, 2, 48, 0.600000, 12.140000 
/exports/home/rhughes/Lenna_Images/Lenna_org_5120.pgm, 2, 48, 0.600000, 17.650000 
/exports/home/rhughes/Lenna_Images/Lenna_org_7680.pgm, 2, 48, 0.600000, 37.250000 
/exports/home/rhughes/Lenna_Images/Lenna_org_10240.pgm, 2, 48, 0.600000, 63.970000 
/exports/home/rhughes/Lenna_Images/Lenna_org_12800.pgm, 2, 48, 0.600000, 99.700000 
/exports/home/rhughes/Lenna_Images/Lenna_org_1024.pgm, 2, 48, 0.600000, 3.420000 
/exports/home/rhughes/Lenna_Images/Lenna_org_2048.pgm, 2, 48, 0.600000, 5.150000 
/exports/home/rhughes/Lenna_Images/Lenna_org_4096.pgm, 2, 48, 0.600000, 12.350000 
/exports/home/rhughes/Lenna_Images/Lenna_org_5120.pgm, 2, 48, 0.600000, 17.450000 
/exports/home/rhughes/Lenna_Images/Lenna_org_7680.pgm, 2, 48, 0.600000, 37.430000 
/exports/home/rhughes/Lenna_Images/Lenna_org_10240.pgm, 2, 48, 0.600000, 62.050000 
/exports/home/rhughes/Lenna_Images/Lenna_org_12800.pgm, 2, 48, 0.600000, 96.880000 
/exports/home/rhughes/Lenna_Images/Lenna_org_1024.pgm, 2, 48, 0.600000, 3.100000 
/exports/home/rhughes/Lenna_Images/Lenna_org_2048.pgm, 2, 48, 0.600000, 4.560000 
/exports/home/rhughes/Lenna_Images/Lenna_org_4096.pgm, 2, 48, 0.600000, 11.920000 
/exports/home/rhughes/Lenna_Images/Lenna_org_5120.pgm, 2, 48, 0.600000, 17.470000 
/exports/home/rhughes/Lenna_Images/Lenna_org_7680.pgm, 2, 48, 0.600000, 36.570000 
/exports/home/rhughes/Lenna_Images/Lenna_org_10240.pgm, 2, 48, 0.600000, 62.320000 
/exports/home/rhughes/Lenna_Images/Lenna_org_12800.pgm, 2, 48, 0.600000, 98.440000 
/exports/home/rhughes/Lenna_Images/Lenna_org_1024.pgm, 2, 48, 0.600000, 3.530000 
/exports/home/rhughes/Lenna_Images/Lenna_org_2048.pgm, 2, 48, 0.600000, 5.130000 
/exports/home/rhughes/Lenna_Images/Lenna_org_4096.pgm, 2, 48, 0.600000, 12.150000 
/exports/home/rhughes/Lenna_Images/Lenna_org_5120.pgm, 2, 48, 0.600000, 17.970000 
/exports/home/rhughes/Lenna_Images/Lenna_org_7680.pgm, 2, 48, 0.600000, 37.230000 
/exports/home/rhughes/Lenna_Images/Lenna_org_10240.pgm, 2, 48, 0.600000, 63.090000 
/exports/home/rhughes/Lenna_Images/Lenna_org_12800.pgm, 2, 48, 0.600000, 97.930000 
/exports/home/rhughes/Lenna_Images/Lenna_org_1024.pgm, 2, 48, 0.600000, 3.110000 
/exports/home/rhughes/Lenna_Images/Lenna_org_2048.pgm, 2, 48, 0.600000, 4.690000 
/exports/home/rhughes/Lenna_Images/Lenna_org_4096.pgm, 2, 48, 0.600000, 11.570000 
/exports/home/rhughes/Lenna_Images/Lenna_org_5120.pgm, 2, 48, 0.600000, 16.770000 
/exports/home/rhughes/Lenna_Images/Lenna_org_7680.pgm, 2, 48, 0.600000, 35.610000 
/exports/home/rhughes/Lenna_Images/Lenna_org_10240.pgm, 2, 48, 0.600000, 60.370000 
/exports/home/rhughes/Lenna_Images/Lenna_org_12800.pgm, 2, 48, 0.600000, 95.420000 
/exports/home/rhughes/Lenna_Images/Lenna_org_1024.pgm, 2, 48, 0.600000, 3.270000 
/exports/home/rhughes/Lenna_Images/Lenna_org_2048.pgm, 2, 48, 0.600000, 4.820000 
/exports/home/rhughes/Lenna_Images/Lenna_org_4096.pgm, 2, 48, 0.600000, 11.730000 
/exports/home/rhughes/Lenna_Images/Lenna_org_5120.pgm, 2, 48, 0.600000, 17.140000 
/exports/home/rhughes/Lenna_Images/Lenna_org_7680.pgm, 2, 48, 0.600000, 35.250000 
/exports/home/rhughes/Lenna_Images/Lenna_org_10240.pgm, 2, 48, 0.600000, 61.630000 
/exports/home/rhughes/Lenna_Images/Lenna_org_12800.pgm, 2, 48, 0.600000, 94.100000 
/exports/home/rhughes/Lenna_Images/Lenna_org_1024.pgm, 2, 48, 0.600000, 3.340000 
/exports/home/rhughes/Lenna_Images/Lenna_org_2048.pgm, 2, 48, 0.600000, 4.800000 
/exports/home/rhughes/Lenna_Images/Lenna_org_4096.pgm, 2, 48, 0.600000, 11.890000 
/exports/home/rhughes/Lenna_Images/Lenna_org_5120.pgm, 2, 48, 0.600000, 17.180000 
/exports/home/rhughes/Lenna_Images/Lenna_org_7680.pgm, 2, 48, 0.600000, 35.670000 
/exports/home/rhughes/Lenna_Images/Lenna_org_10240.pgm, 2, 48, 0.600000, 61.160000 
/exports/home/rhughes/Lenna_Images/Lenna_org_12800.pgm, 2, 48, 0.600000, 93.510000 
/exports/home/rhughes/Lenna_Images/Lenna_org_1024.pgm, 2, 48, 0.600000, 3.300000 
/exports/home/rhughes/Lenna_Images/Lenna_org_2048.pgm, 2, 48, 0.600000, 4.840000 
/exports/home/rhughes/Lenna_Images/Lenna_org_4096.pgm, 2, 48, 0.600000, 11.780000 
/exports/home/rhughes/Lenna_Images/Lenna_org_5120.pgm, 2, 48, 0.600000, 16.940000 
/exports/home/rhughes/Lenna_Images/Lenna_org_7680.pgm, 2, 48, 0.600000, 34.840000 
/exports/home/rhughes/Lenna_Images/Lenna_org_10240.pgm, 2, 48, 0.600000, 64.160000 
/exports/home/rhughes/Lenna_Images/Lenna_org_12800.pgm, 2, 48, 0.600000, 94.130000 
/exports/home/rhughes/Lenna_Images/Lenna_org_1024.pgm, 2, 48, 0.600000, 3.310000 
/exports/home/rhughes/Lenna_Images/Lenna_org_2048.pgm, 2, 48, 0.600000, 4.840000 
/exports/home/rhughes/Lenna_Images/Lenna_org_4096.pgm, 2, 48, 0.600000, 11.690000 
/exports/home/rhughes/Lenna_Images/Lenna_org_5120.pgm, 2, 48, 0.600000, 17.040000 
/exports/home/rhughes/Lenna_Images/Lenna_org_7680.pgm, 2, 48, 0.600000, 34.990000 
/exports/home/rhughes/Lenna_Images/Lenna_org_10240.pgm, 2, 48, 0.600000, 62.190000 
/exports/home/rhughes/Lenna_Images/Lenna_org_12800.pgm, 2, 48, 0.600000, 95.470000 
/exports/home/rhughes/Lenna_Images/Lenna_org_1024.pgm, 2, 48, 0.600000, 3.580000 
/exports/home/rhughes/Lenna_Images/Lenna_org_2048.pgm, 2, 48, 0.600000, 5.170000 
/exports/home/rhughes/Lenna_Images/Lenna_org_4096.pgm, 2, 48, 0.600000, 12.300000 
/exports/home/rhughes/Lenna_Images/Lenna_org_5120.pgm, 2, 48, 0.600000, 17.710000 
/exports/home/rhughes/Lenna_Images/Lenna_org_7680.pgm, 2, 48, 0.600000, 34.030000 
/exports/home/rhughes/Lenna_Images/Lenna_org_10240.pgm, 2, 48, 0.600000, 60.180000 
/exports/home/rhughes/Lenna_Images/Lenna_org_12800.pgm, 2, 48, 0.600000, 92.440000 
/exports/home/rhughes/Lenna_Images/Lenna_org_1024.pgm, 2, 48, 0.600000, 3.360000 
/exports/home/rhughes/Lenna_Images/Lenna_org_2048.pgm, 2, 48, 0.600000, 5.030000 
/exports/home/rhughes/Lenna_Images/Lenna_org_4096.pgm, 2, 48, 0.600000, 12.050000 
/exports/home/rhughes/Lenna_Images/Lenna_org_5120.pgm, 2, 48, 0.600000, 18.860000 
/exports/home/rhughes/Lenna_Images/Lenna_org_7680.pgm, 2, 48, 0.600000, 36.790000 
/exports/home/rhughes/Lenna_Images/Lenna_org_10240.pgm, 2, 48, 0.600000, 65.320000 
/exports/home/rhughes/Lenna_Images/Lenna_org_12800.pgm, 2, 48, 0.600000, 93.600000 
/exports/home/rhughes/Lenna_Images/Lenna_org_1024.pgm, 2, 48, 0.600000, 3.280000 
/exports/home/rhughes/Lenna_Images/Lenna_org_2048.pgm, 2, 48, 0.600000, 4.880000 
/exports/home/rhughes/Lenna_Images/Lenna_org_4096.pgm, 2, 48, 0.600000, 11.830000 
/exports/home/rhughes/Lenna_Images/Lenna_org_5120.pgm, 2, 48, 0.600000, 17.600000 
/exports/home/rhughes/Lenna_Images/Lenna_org_7680.pgm, 2, 48, 0.600000, 35.890000 
/exports/home/rhughes/Lenna_Images/Lenna_org_10240.pgm, 2, 48, 0.600000, 61.530000 
/exports/home/rhughes/Lenna_Images/Lenna_org_12800.pgm, 2, 48, 0.600000, 94.630000 
/exports/home/rhughes/Lenna_Images/Lenna_org_1024.pgm, 2, 48, 0.600000, 3.550000 
/exports/home/rhughes/Lenna_Images/Lenna_org_2048.pgm, 2, 48, 0.600000, 5.310000 
/exports/home/rhughes/Lenna_Images/Lenna_org_4096.pgm, 2, 48, 0.600000, 12.050000 
/exports/home/rhughes/Lenna_Images/Lenna_org_5120.pgm, 2, 48, 0.600000, 18.040000 
/exports/home/rhughes/Lenna_Images/Lenna_org_7680.pgm, 2, 48, 0.600000, 34.460000 
/exports/home/rhughes/Lenna_Images/Lenna_org_10240.pgm, 2, 48, 0.600000, 61.380000 
/exports/home/rhughes/Lenna_Images/Lenna_org_12800.pgm, 2, 48, 0.600000, 95.910000 
/exports/home/rhughes/Lenna_Images/Lenna_org_1024.pgm, 2, 48, 0.600000, 3.570000 
/exports/home/rhughes/Lenna_Images/Lenna_org_2048.pgm, 2, 48, 0.600000, 5.170000 
/exports/home/rhughes/Lenna_Images/Lenna_org_4096.pgm, 2, 48, 0.600000, 12.350000 
/exports/home/rhughes/Lenna_Images/Lenna_org_5120.pgm, 2, 48, 0.600000, 17.290000 
/exports/home/rhughes/Lenna_Images/Lenna_org_7680.pgm, 2, 48, 0.600000, 35.530000 
/exports/home/rhughes/Lenna_Images/Lenna_org_10240.pgm, 2, 48, 0.600000, 61.250000 
/exports/home/rhughes/Lenna_Images/Lenna_org_12800.pgm, 2, 48, 0.600000, 95.170000 
/exports/home/rhughes/Lenna_Images/Lenna_org_1024.pgm, 2, 48, 0.600000, 3.250000 
/exports/home/rhughes/Lenna_Images/Lenna_org_2048.pgm, 2, 48, 0.600000, 4.850000 
/exports/home/rhughes/Lenna_Images/Lenna_org_4096.pgm, 2, 48, 0.600000, 11.890000 
/exports/home/rhughes/Lenna_Images/Lenna_org_5120.pgm, 2, 48, 0.600000, 17.280000 
/exports/home/rhughes/Lenna_Images/Lenna_org_7680.pgm, 2, 48, 0.600000, 35.150000 
/exports/home/rhughes/Lenna_Images/Lenna_org_10240.pgm, 2, 48, 0.600000, 61.750000 
/exports/home/rhughes/Lenna_Images/Lenna_org_12800.pgm, 2, 48, 0.600000, 93.470000 
/exports/home/rhughes/Lenna_Images/Lenna_org_1024.pgm, 2, 48, 0.600000, 3.540000 
/exports/home/rhughes/Lenna_Images/Lenna_org_2048.pgm, 2, 48, 0.600000, 5.140000 
/exports/home/rhughes/Lenna_Images/Lenna_org_4096.pgm, 2, 48, 0.600000, 12.560000 
/exports/home/rhughes/Lenna_Images/Lenna_org_5120.pgm, 2, 48, 0.600000, 17.520000 
/exports/home/rhughes/Lenna_Images/Lenna_org_7680.pgm, 2, 48, 0.600000, 35.580000 
/exports/home/rhughes/Lenna_Images/Lenna_org_10240.pgm, 2, 48, 0.600000, 62.490000 
/exports/home/rhughes/Lenna_Images/Lenna_org_12800.pgm, 2, 48, 0.600000, 93.200000 
/exports/home/rhughes/Lenna_Images/Lenna_org_1024.pgm, 2, 48, 0.600000, 3.510000 
/exports/home/rhughes/Lenna_Images/Lenna_org_2048.pgm, 2, 48, 0.600000, 5.140000 
/exports/home/rhughes/Lenna_Images/Lenna_org_4096.pgm, 2, 48, 0.600000, 12.080000 
/exports/home/rhughes/Lenna_Images/Lenna_org_5120.pgm, 2, 48, 0.600000, 17.780000 
/exports/home/rhughes/Lenna_Images/Lenna_org_7680.pgm, 2, 48, 0.600000, 36.200000 
/exports/home/rhughes/Lenna_Images/Lenna_org_10240.pgm, 2, 48, 0.600000, 63.310000 
/exports/home/rhughes/Lenna_Images/Lenna_org_12800.pgm, 2, 48, 0.600000, 95.330000 
/exports/home/rhughes/Lenna_Images/Lenna_org_1024.pgm, 2, 48, 0.600000, 3.600000 
/exports/home/rhughes/Lenna_Images/Lenna_org_2048.pgm, 2, 48, 0.600000, 5.150000 
/exports/home/rhughes/Lenna_Images/Lenna_org_4096.pgm, 2, 48, 0.600000, 12.020000 
/exports/home/rhughes/Lenna_Images/Lenna_org_5120.pgm, 2, 48, 0.600000, 17.660000 
/exports/home/rhughes/Lenna_Images/Lenna_org_7680.pgm, 2, 48, 0.600000, 36.400000 
/exports/home/rhughes/Lenna_Images/Lenna_org_10240.pgm, 2, 48, 0.600000, 61.610000 
/exports/home/rhughes/Lenna_Images/Lenna_org_12800.pgm, 2, 48, 0.600000, 94.280000 
/exports/home/rhughes/Lenna_Images/Lenna_org_1024.pgm, 2, 48, 0.600000, 3.730000 
/exports/home/rhughes/Lenna_Images/Lenna_org_2048.pgm, 2, 48, 0.600000, 5.240000 
/exports/home/rhughes/Lenna_Images/Lenna_org_4096.pgm, 2, 48, 0.600000, 12.160000 
/exports/home/rhughes/Lenna_Images/Lenna_org_5120.pgm, 2, 48, 0.600000, 17.190000 
/exports/home/rhughes/Lenna_Images/Lenna_org_7680.pgm, 2, 48, 0.600000, 36.150000 
/exports/home/rhughes/Lenna_Images/Lenna_org_10240.pgm, 2, 48, 0.600000, 61.640000 
/exports/home/rhughes/Lenna_Images/Lenna_org_12800.pgm, 2, 48, 0.600000, 97.410000 
/exports/home/rhughes/Lenna_Images/Lenna_org_1024.pgm, 2, 48, 0.600000, 3.500000 
/exports/home/rhughes/Lenna_Images/Lenna_org_2048.pgm, 2, 48, 0.600000, 5.150000 
/exports/home/rhughes/Lenna_Images/Lenna_org_4096.pgm, 2, 48, 0.600000, 12.500000 
/exports/home/rhughes/Lenna_Images/Lenna_org_5120.pgm, 2, 48, 0.600000, 16.790000 
/exports/home/rhughes/Lenna_Images/Lenna_org_7680.pgm, 2, 48, 0.600000, 36.290000 
/exports/home/rhughes/Lenna_Images/Lenna_org_10240.pgm, 2, 48, 0.600000, 65.260000 
/exports/home/rhughes/Lenna_Images/Lenna_org_12800.pgm, 2, 48, 0.600000, 95.760000 
/exports/home/rhughes/Lenna_Images/Lenna_org_1024.pgm, 2, 48, 0.600000, 3.310000 
/exports/home/rhughes/Lenna_Images/Lenna_org_2048.pgm, 2, 48, 0.600000, 4.890000 
/exports/home/rhughes/Lenna_Images/Lenna_org_4096.pgm, 2, 48, 0.600000, 11.910000 
/exports/home/rhughes/Lenna_Images/Lenna_org_5120.pgm, 2, 48, 0.600000, 18.030000 
/exports/home/rhughes/Lenna_Images/Lenna_org_7680.pgm, 2, 48, 0.600000, 37.470000 
/exports/home/rhughes/Lenna_Images/Lenna_org_10240.pgm, 2, 48, 0.600000, 62.820000 
/exports/home/rhughes/Lenna_Images/Lenna_org_12800.pgm, 2, 48, 0.600000, 94.420000 
/exports/home/rhughes/Lenna_Images/Lenna_org_1024.pgm, 2, 48, 0.600000, 3.370000 
/exports/home/rhughes/Lenna_Images/Lenna_org_2048.pgm, 2, 48, 0.600000, 4.910000 
/exports/home/rhughes/Lenna_Images/Lenna_org_4096.pgm, 2, 48, 0.600000, 11.800000 
/exports/home/rhughes/Lenna_Images/Lenna_org_5120.pgm, 2, 48, 0.600000, 17.650000 
/exports/home/rhughes/Lenna_Images/Lenna_org_7680.pgm, 2, 48, 0.600000, 37.500000 
/exports/home/rhughes/Lenna_Images/Lenna_org_10240.pgm, 2, 48, 0.600000, 66.910000 
/exports/home/rhughes/Lenna_Images/Lenna_org_12800.pgm, 2, 48, 0.600000, 97.970000 
/exports/home/rhughes/Lenna_Images/Lenna_org_1024.pgm, 2, 48, 0.600000, 3.400000 
/exports/home/rhughes/Lenna_Images/Lenna_org_2048.pgm, 2, 48, 0.600000, 4.990000 
/exports/home/rhughes/Lenna_Images/Lenna_org_4096.pgm, 2, 48, 0.600000, 12.360000 
/exports/home/rhughes/Lenna_Images/Lenna_org_5120.pgm, 2, 48, 0.600000, 17.630000 
/exports/home/rhughes/Lenna_Images/Lenna_org_7680.pgm, 2, 48, 0.600000, 37.590000 
/exports/home/rhughes/Lenna_Images/Lenna_org_10240.pgm, 2, 48, 0.600000, 63.820000 
/exports/home/rhughes/Lenna_Images/Lenna_org_12800.pgm, 2, 48, 0.600000, 95.650000 
/exports/home/rhughes/Lenna_Images/Lenna_org_1024.pgm, 2, 48, 0.600000, 3.240000 
/exports/home/rhughes/Lenna_Images/Lenna_org_2048.pgm, 2, 48, 0.600000, 5.100000 
/exports/home/rhughes/Lenna_Images/Lenna_org_4096.pgm, 2, 48, 0.600000, 12.020000 
/exports/home/rhughes/Lenna_Images/Lenna_org_5120.pgm, 2, 48, 0.600000, 18.820000 
/exports/home/rhughes/Lenna_Images/Lenna_org_7680.pgm, 2, 48, 0.600000, 36.970000 
/exports/home/rhughes/Lenna_Images/Lenna_org_10240.pgm, 2, 48, 0.600000, 64.870000 
/exports/home/rhughes/Lenna_Images/Lenna_org_12800.pgm, 2, 48, 0.600000, 95.800000 
/exports/home/rhughes/Lenna_Images/Lenna_org_1024.pgm, 2, 48, 0.600000, 3.490000 
/exports/home/rhughes/Lenna_Images/Lenna_org_2048.pgm, 2, 48, 0.600000, 5.160000 
/exports/home/rhughes/Lenna_Images/Lenna_org_4096.pgm, 2, 48, 0.600000, 12.010000 
/exports/home/rhughes/Lenna_Images/Lenna_org_5120.pgm, 2, 48, 0.600000, 17.210000 
/exports/home/rhughes/Lenna_Images/Lenna_org_7680.pgm, 2, 48, 0.600000, 34.690000 
/exports/home/rhughes/Lenna_Images/Lenna_org_10240.pgm, 2, 48, 0.600000, 61.170000 
/exports/home/rhughes/Lenna_Images/Lenna_org_12800.pgm, 2, 48, 0.600000, 91.340000 
/exports/home/rhughes/Lenna_Images/Lenna_org_1024.pgm, 2, 48, 0.600000, 3.550000 
/exports/home/rhughes/Lenna_Images/Lenna_org_2048.pgm, 2, 48, 0.600000, 5.210000 
/exports/home/rhughes/Lenna_Images/Lenna_org_4096.pgm, 2, 48, 0.600000, 12.040000 
/exports/home/rhughes/Lenna_Images/Lenna_org_5120.pgm, 2, 48, 0.600000, 17.120000 
/exports/home/rhughes/Lenna_Images/Lenna_org_7680.pgm, 2, 48, 0.600000, 34.310000 
/exports/home/rhughes/Lenna_Images/Lenna_org_10240.pgm, 2, 48, 0.600000, 60.190000 
/exports/home/rhughes/Lenna_Images/Lenna_org_12800.pgm, 2, 48, 0.600000, 91.920000 
/exports/home/rhughes/Lenna_Images/Lenna_org_1024.pgm, 2, 48, 0.600000, 3.460000 
/exports/home/rhughes/Lenna_Images/Lenna_org_2048.pgm, 2, 48, 0.600000, 5.050000 
/exports/home/rhughes/Lenna_Images/Lenna_org_4096.pgm, 2, 48, 0.600000, 12.080000 
/exports/home/rhughes/Lenna_Images/Lenna_org_5120.pgm, 2, 48, 0.600000, 17.630000 
/exports/home/rhughes/Lenna_Images/Lenna_org_7680.pgm, 2, 48, 0.600000, 34.560000 
/exports/home/rhughes/Lenna_Images/Lenna_org_10240.pgm, 2, 48, 0.600000, 60.090000 
/exports/home/rhughes/Lenna_Images/Lenna_org_12800.pgm, 2, 48, 0.600000, 97.340000 
/exports/home/rhughes/Lenna_Images/Lenna_org_1024.pgm, 2, 48, 0.600000, 3.460000 
/exports/home/rhughes/Lenna_Images/Lenna_org_2048.pgm, 2, 48, 0.600000, 5.010000 
/exports/home/rhughes/Lenna_Images/Lenna_org_4096.pgm, 2, 48, 0.600000, 11.950000 
/exports/home/rhughes/Lenna_Images/Lenna_org_5120.pgm, 2, 48, 0.600000, 17.030000 
/exports/home/rhughes/Lenna_Images/Lenna_org_7680.pgm, 2, 48, 0.600000, 35.210000 
/exports/home/rhughes/Lenna_Images/Lenna_org_10240.pgm, 2, 48, 0.600000, 60.030000 
/exports/home/rhughes/Lenna_Images/Lenna_org_12800.pgm, 2, 48, 0.600000, 94.920000 
/exports/home/rhughes/Lenna_Images/Lenna_org_1024.pgm, 2, 48, 0.600000, 3.470000 
/exports/home/rhughes/Lenna_Images/Lenna_org_2048.pgm, 2, 48, 0.600000, 5.060000 
/exports/home/rhughes/Lenna_Images/Lenna_org_4096.pgm, 2, 48, 0.600000, 11.920000 
/exports/home/rhughes/Lenna_Images/Lenna_org_5120.pgm, 2, 48, 0.600000, 16.960000 
/exports/home/rhughes/Lenna_Images/Lenna_org_7680.pgm, 2, 48, 0.600000, 34.930000 
/exports/home/rhughes/Lenna_Images/Lenna_org_10240.pgm, 2, 48, 0.600000, 60.160000 
/exports/home/rhughes/Lenna_Images/Lenna_org_12800.pgm, 2, 48, 0.600000, 91.800000 
/exports/home/rhughes/Lenna_Images/Lenna_org_1024.pgm, 2, 48, 0.600000, 3.450000 
/exports/home/rhughes/Lenna_Images/Lenna_org_2048.pgm, 2, 48, 0.600000, 5.110000 
/exports/home/rhughes/Lenna_Images/Lenna_org_4096.pgm, 2, 48, 0.600000, 12.010000 
/exports/home/rhughes/Lenna_Images/Lenna_org_5120.pgm, 2, 48, 0.600000, 17.110000 
/exports/home/rhughes/Lenna_Images/Lenna_org_7680.pgm, 2, 48, 0.600000, 34.730000 
/exports/home/rhughes/Lenna_Images/Lenna_org_10240.pgm, 2, 48, 0.600000, 61.470000 
/exports/home/rhughes/Lenna_Images/Lenna_org_12800.pgm, 2, 48, 0.600000, 90.690000 
/exports/home/rhughes/Lenna_Images/Lenna_org_1024.pgm, 2, 48, 0.600000, 3.490000 
/exports/home/rhughes/Lenna_Images/Lenna_org_2048.pgm, 2, 48, 0.600000, 5.050000 
/exports/home/rhughes/Lenna_Images/Lenna_org_4096.pgm, 2, 48, 0.600000, 11.990000 
/exports/home/rhughes/Lenna_Images/Lenna_org_5120.pgm, 2, 48, 0.600000, 17.140000 
/exports/home/rhughes/Lenna_Images/Lenna_org_7680.pgm, 2, 48, 0.600000, 35.620000 
/exports/home/rhughes/Lenna_Images/Lenna_org_10240.pgm, 2, 48, 0.600000, 62.370000 
/exports/home/rhughes/Lenna_Images/Lenna_org_12800.pgm, 2, 48, 0.600000, 97.050000 
/exports/home/rhughes/Lenna_Images/Lenna_org_1024.pgm, 2, 48, 0.600000, 3.550000 
/exports/home/rhughes/Lenna_Images/Lenna_org_2048.pgm, 2, 48, 0.600000, 5.190000 
/exports/home/rhughes/Lenna_Images/Lenna_org_4096.pgm, 2, 48, 0.600000, 12.190000 
/exports/home/rhughes/Lenna_Images/Lenna_org_5120.pgm, 2, 48, 0.600000, 17.040000 
/exports/home/rhughes/Lenna_Images/Lenna_org_7680.pgm, 2, 48, 0.600000, 35.170000 
/exports/home/rhughes/Lenna_Images/Lenna_org_10240.pgm, 2, 48, 0.600000, 63.030000 
/exports/home/rhughes/Lenna_Images/Lenna_org_12800.pgm, 2, 48, 0.600000, 92.970000 
/exports/home/rhughes/Lenna_Images/Lenna_org_1024.pgm, 2, 48, 0.600000, 3.520000 
/exports/home/rhughes/Lenna_Images/Lenna_org_2048.pgm, 2, 48, 0.600000, 5.090000 
/exports/home/rhughes/Lenna_Images/Lenna_org_4096.pgm, 2, 48, 0.600000, 12.170000 
/exports/home/rhughes/Lenna_Images/Lenna_org_5120.pgm, 2, 48, 0.600000, 17.080000 
/exports/home/rhughes/Lenna_Images/Lenna_org_7680.pgm, 2, 48, 0.600000, 38.170000 
/exports/home/rhughes/Lenna_Images/Lenna_org_10240.pgm, 2, 48, 0.600000, 60.680000 
/exports/home/rhughes/Lenna_Images/Lenna_org_12800.pgm, 2, 48, 0.600000, 94.790000 
/exports/home/rhughes/Lenna_Images/Lenna_org_1024.pgm, 2, 48, 0.600000, 3.420000 
/exports/home/rhughes/Lenna_Images/Lenna_org_2048.pgm, 2, 48, 0.600000, 5.030000 
/exports/home/rhughes/Lenna_Images/Lenna_org_4096.pgm, 2, 48, 0.600000, 11.940000 
/exports/home/rhughes/Lenna_Images/Lenna_org_5120.pgm, 2, 48, 0.600000, 17.110000 
/exports/home/rhughes/Lenna_Images/Lenna_org_7680.pgm, 2, 48, 0.600000, 35.100000 
/exports/home/rhughes/Lenna_Images/Lenna_org_10240.pgm, 2, 48, 0.600000, 61.770000 
/exports/home/rhughes/Lenna_Images/Lenna_org_12800.pgm, 2, 48, 0.600000, 96.940000 
/exports/home/rhughes/Lenna_Images/Lenna_org_1024.pgm, 2, 48, 0.600000, 3.490000 
/exports/home/rhughes/Lenna_Images/Lenna_org_2048.pgm, 2, 48, 0.600000, 5.170000 
/exports/home/rhughes/Lenna_Images/Lenna_org_4096.pgm, 2, 48, 0.600000, 12.090000 
/exports/home/rhughes/Lenna_Images/Lenna_org_5120.pgm, 2, 48, 0.600000, 18.150000 
/exports/home/rhughes/Lenna_Images/Lenna_org_7680.pgm, 2, 48, 0.600000, 36.830000 
/exports/home/rhughes/Lenna_Images/Lenna_org_10240.pgm, 2, 48, 0.600000, 61.240000 
/exports/home/rhughes/Lenna_Images/Lenna_org_12800.pgm, 2, 48, 0.600000, 94.550000 
/exports/home/rhughes/Lenna_Images/Lenna_org_1024.pgm, 2, 48, 0.600000, 3.600000 
/exports/home/rhughes/Lenna_Images/Lenna_org_2048.pgm, 2, 48, 0.600000, 5.140000 
/exports/home/rhughes/Lenna_Images/Lenna_org_4096.pgm, 2, 48, 0.600000, 12.130000 
/exports/home/rhughes/Lenna_Images/Lenna_org_5120.pgm, 2, 48, 0.600000, 17.110000 
/exports/home/rhughes/Lenna_Images/Lenna_org_7680.pgm, 2, 48, 0.600000, 34.070000 
/exports/home/rhughes/Lenna_Images/Lenna_org_10240.pgm, 2, 48, 0.600000, 60.120000 
/exports/home/rhughes/Lenna_Images/Lenna_org_12800.pgm, 2, 48, 0.600000, 97.790000 
/exports/home/rhughes/Lenna_Images/Lenna_org_1024.pgm, 2, 48, 0.600000, 3.550000 
/exports/home/rhughes/Lenna_Images/Lenna_org_2048.pgm, 2, 48, 0.600000, 5.170000 
/exports/home/rhughes/Lenna_Images/Lenna_org_4096.pgm, 2, 48, 0.600000, 11.990000 
/exports/home/rhughes/Lenna_Images/Lenna_org_5120.pgm, 2, 48, 0.600000, 17.510000 
/exports/home/rhughes/Lenna_Images/Lenna_org_7680.pgm, 2, 48, 0.600000, 34.740000 
/exports/home/rhughes/Lenna_Images/Lenna_org_10240.pgm, 2, 48, 0.600000, 61.600000 
/exports/home/rhughes/Lenna_Images/Lenna_org_12800.pgm, 2, 48, 0.600000, 93.780000 
/exports/home/rhughes/Lenna_Images/Lenna_org_1024.pgm, 2, 48, 0.600000, 3.470000 
/exports/home/rhughes/Lenna_Images/Lenna_org_2048.pgm, 2, 48, 0.600000, 5.040000 
/exports/home/rhughes/Lenna_Images/Lenna_org_4096.pgm, 2, 48, 0.600000, 11.960000 
/exports/home/rhughes/Lenna_Images/Lenna_org_5120.pgm, 2, 48, 0.600000, 17.010000 
/exports/home/rhughes/Lenna_Images/Lenna_org_7680.pgm, 2, 48, 0.600000, 34.880000 
/exports/home/rhughes/Lenna_Images/Lenna_org_10240.pgm, 2, 48, 0.600000, 61.830000 
/exports/home/rhughes/Lenna_Images/Lenna_org_12800.pgm, 2, 48, 0.600000, 91.490000 
/exports/home/rhughes/Lenna_Images/Lenna_org_1024.pgm, 2, 48, 0.600000, 3.450000 
/exports/home/rhughes/Lenna_Images/Lenna_org_2048.pgm, 2, 48, 0.600000, 5.040000 
/exports/home/rhughes/Lenna_Images/Lenna_org_4096.pgm, 2, 48, 0.600000, 11.840000 
/exports/home/rhughes/Lenna_Images/Lenna_org_5120.pgm, 2, 48, 0.600000, 17.050000 
/exports/home/rhughes/Lenna_Images/Lenna_org_7680.pgm, 2, 48, 0.600000, 34.650000 
/exports/home/rhughes/Lenna_Images/Lenna_org_10240.pgm, 2, 48, 0.600000, 61.210000 
/exports/home/rhughes/Lenna_Images/Lenna_org_12800.pgm, 2, 48, 0.600000, 96.120000 
/exports/home/rhughes/Lenna_Images/Lenna_org_1024.pgm, 2, 48, 0.600000, 3.490000 
/exports/home/rhughes/Lenna_Images/Lenna_org_2048.pgm, 2, 48, 0.600000, 5.080000 
/exports/home/rhughes/Lenna_Images/Lenna_org_4096.pgm, 2, 48, 0.600000, 11.960000 
/exports/home/rhughes/Lenna_Images/Lenna_org_5120.pgm, 2, 48, 0.600000, 17.360000 
/exports/home/rhughes/Lenna_Images/Lenna_org_7680.pgm, 2, 48, 0.600000, 35.090000 
/exports/home/rhughes/Lenna_Images/Lenna_org_10240.pgm, 2, 48, 0.600000, 61.900000 
/exports/home/rhughes/Lenna_Images/Lenna_org_12800.pgm, 2, 48, 0.600000, 100.790000 
/exports/home/rhughes/Lenna_Images/Lenna_org_1024.pgm, 2, 48, 0.600000, 3.480000 
/exports/home/rhughes/Lenna_Images/Lenna_org_2048.pgm, 2, 48, 0.600000, 5.050000 
/exports/home/rhughes/Lenna_Images/Lenna_org_4096.pgm, 2, 48, 0.600000, 11.950000 
/exports/home/rhughes/Lenna_Images/Lenna_org_5120.pgm, 2, 48, 0.600000, 17.180000 
/exports/home/rhughes/Lenna_Images/Lenna_org_7680.pgm, 2, 48, 0.600000, 37.570000 
/exports/home/rhughes/Lenna_Images/Lenna_org_10240.pgm, 2, 48, 0.600000, 59.600000 
/exports/home/rhughes/Lenna_Images/Lenna_org_12800.pgm, 2, 48, 0.600000, 94.940000 
/exports/home/rhughes/Lenna_Images/Lenna_org_1024.pgm, 2, 48, 0.600000, 3.520000 
/exports/home/rhughes/Lenna_Images/Lenna_org_2048.pgm, 2, 48, 0.600000, 5.190000 
/exports/home/rhughes/Lenna_Images/Lenna_org_4096.pgm, 2, 48, 0.600000, 12.030000 
/exports/home/rhughes/Lenna_Images/Lenna_org_5120.pgm, 2, 48, 0.600000, 17.280000 
/exports/home/rhughes/Lenna_Images/Lenna_org_7680.pgm, 2, 48, 0.600000, 34.650000 
/exports/home/rhughes/Lenna_Images/Lenna_org_10240.pgm, 2, 48, 0.600000, 61.750000 
/exports/home/rhughes/Lenna_Images/Lenna_org_12800.pgm, 2, 48, 0.600000, 97.600000 
/exports/home/rhughes/Lenna_Images/Lenna_org_1024.pgm, 2, 48, 0.600000, 3.570000 
/exports/home/rhughes/Lenna_Images/Lenna_org_2048.pgm, 2, 48, 0.600000, 5.220000 
/exports/home/rhughes/Lenna_Images/Lenna_org_4096.pgm, 2, 48, 0.600000, 12.100000 
/exports/home/rhughes/Lenna_Images/Lenna_org_5120.pgm, 2, 48, 0.600000, 17.670000 
/exports/home/rhughes/Lenna_Images/Lenna_org_7680.pgm, 2, 48, 0.600000, 35.920000 
/exports/home/rhughes/Lenna_Images/Lenna_org_10240.pgm, 2, 48, 0.600000, 62.250000 
/exports/home/rhughes/Lenna_Images/Lenna_org_12800.pgm, 2, 48, 0.600000, 94.330000 
/exports/home/rhughes/Lenna_Images/Lenna_org_1024.pgm, 2, 48, 0.600000, 3.430000 
/exports/home/rhughes/Lenna_Images/Lenna_org_2048.pgm, 2, 48, 0.600000, 5.110000 
/exports/home/rhughes/Lenna_Images/Lenna_org_4096.pgm, 2, 48, 0.600000, 12.190000 
/exports/home/rhughes/Lenna_Images/Lenna_org_5120.pgm, 2, 48, 0.600000, 17.120000 
/exports/home/rhughes/Lenna_Images/Lenna_org_7680.pgm, 2, 48, 0.600000, 34.310000 
/exports/home/rhughes/Lenna_Images/Lenna_org_10240.pgm, 2, 48, 0.600000, 62.740000 
/exports/home/rhughes/Lenna_Images/Lenna_org_12800.pgm, 2, 48, 0.600000, 96.560000 
/exports/home/rhughes/Lenna_Images/Lenna_org_1024.pgm, 2, 48, 0.600000, 3.490000 
/exports/home/rhughes/Lenna_Images/Lenna_org_2048.pgm, 2, 48, 0.600000, 5.080000 
/exports/home/rhughes/Lenna_Images/Lenna_org_4096.pgm, 2, 48, 0.600000, 11.970000 
/exports/home/rhughes/Lenna_Images/Lenna_org_5120.pgm, 2, 48, 0.600000, 17.140000 
/exports/home/rhughes/Lenna_Images/Lenna_org_7680.pgm, 2, 48, 0.600000, 35.480000 
/exports/home/rhughes/Lenna_Images/Lenna_org_10240.pgm, 2, 48, 0.600000, 62.470000 
/exports/home/rhughes/Lenna_Images/Lenna_org_12800.pgm, 2, 48, 0.600000, 91.920000 
/exports/home/rhughes/Lenna_Images/Lenna_org_1024.pgm, 2, 48, 0.600000, 3.610000 
/exports/home/rhughes/Lenna_Images/Lenna_org_2048.pgm, 2, 48, 0.600000, 5.230000 
/exports/home/rhughes/Lenna_Images/Lenna_org_4096.pgm, 2, 48, 0.600000, 12.180000 
/exports/home/rhughes/Lenna_Images/Lenna_org_5120.pgm, 2, 48, 0.600000, 17.280000 
/exports/home/rhughes/Lenna_Images/Lenna_org_7680.pgm, 2, 48, 0.600000, 36.320000 
/exports/home/rhughes/Lenna_Images/Lenna_org_10240.pgm, 2, 48, 0.600000, 61.750000 
/exports/home/rhughes/Lenna_Images/Lenna_org_12800.pgm, 2, 48, 0.600000, 93.530000 
/exports/home/rhughes/Lenna_Images/Lenna_org_1024.pgm, 2, 48, 0.600000, 3.500000 
/exports/home/rhughes/Lenna_Images/Lenna_org_2048.pgm, 2, 48, 0.600000, 5.060000 
/exports/home/rhughes/Lenna_Images/Lenna_org_4096.pgm, 2, 48, 0.600000, 12.650000 
/exports/home/rhughes/Lenna_Images/Lenna_org_5120.pgm, 2, 48, 0.600000, 17.200000 
/exports/home/rhughes/Lenna_Images/Lenna_org_7680.pgm, 2, 48, 0.600000, 35.340000 
/exports/home/rhughes/Lenna_Images/Lenna_org_10240.pgm, 2, 48, 0.600000, 62.090000 
